ICD10; descripci ¢ n ;;;;,ICD10; Descriptci ¢ n ;;;;;
A00; cólera ;;;;,A00; cólera ;;;;
A01; fiebres tifoides y paratifoides ;;;;,A01; febre tifóide e paratifóide ;;;;;
A02; Otras infecciones de Salmonella ;;;;,A02; outras infecções por Salmonella ;;;;
A03; shigelosis ;;;;,A03; Shigelosis ;;;;
A04; Otras infecciones intestinales bacterianas ;;;;,A04; outras infecções intestinais bacterianas ;;;;;
A05; Otras intoxicaciones bacterianas transmitidas por los alimentos,A05; outras intoxicações bacterianas transmitidas por alimentos
A06; amebiasis ;;;;,A06; amebíase ;;;;
A07; Otras enfermedades intestinales de protozoos ;;;;;,A07; outras doenças intestinais protozoais ;;;;;
A08; Viral y otras infecciones intestinales especificadas ;;;;,A08; infecções intestinais virais e outras especificadas ;;;;;
A09; gastroenteritis y colitis infecciosas,A09; gastroenterite e colite infecciosa
A15; tuberculosis respiratoria ;;;;,A15; tuberculose respiratória ;;;;;
A17; tuberculosis del sistema nervioso ;;;;,A17; tuberculose do sistema nervoso ;;;;;
A18; tuberculosis de otros órganos ;;;;,A18; tuberculose de outros órgãos ;;;;
A19; tuberculosis miliar ;;;;,A19; tuberculose miliary ;;;;;
A20; peste ;;;;,A20; Praga ;;;;
A21; Tularemia ;;;;,A21; tularemia ;;;;
A22; ántrax ;;;;,A22; Anthrax ;;;;
A23; Brucelosis ;;;;,A23; Brucelose ;;;;
A24; Glanders y Melioidosis ;;;;;,A24; GLANDES E MELIOIDOSE ;;;;;
A25; fiebres de mordeduras de rata ;;;;,A25; febres de mordida de rato ;;;;
A26; erysipeloid ;;;;,A26; erysipeloid ;;;;
A27; Leptospirosis ;;;;,A27; leptospirose ;;;;
A28; otras enfermedades bacterianas zoonóticas,A28; outras doenças bacterianas zoonóticas
A30; lepra [enfermedad de Hansen] ;;;;,A30; hanseníase [doença de Hansen] ;;;;;
A31; infección debido a otras micobacterias ;;;;,A31; infecção devido a outras micobactérias ;;;;
A32; listeriosis ;;;;,A32; Listerioseis ;;;;
A33; tétanos neonatorum ;;; amplio,A33; TETANUS neonatorum ;;
A34; tétanos obstétricos ;;;;,A34; tétano obstétrico ;;;;;
A35; otro tétanos ;;;;,A35; outro tétano ;;;;
A36; difteria ;;;;,A36; Diphteria ;;;;
A37; tos ferina ;;;;,A37; tosse convulsa ;;;;;
A38; escarlata ;;;;,A38; Febre escarlatina ;;;;
A39; infección meningocócica ;;;;,A39; infecção meningocócica ;;;;;
A40; sepsis estreptocócica ;;;;,A40; sepse estreptocócica ;;;;;
A41; otro sepsis ;;;;,A41; outra sepse ;;;;
A42; actinomicosis ;;;;,A42; Actinomicose ;;;;
A43; nocardiosis ;;;;;;;;;;,A43; nocardiose ;;;;;;;;;;
A44; Bartonelosis ;;;;,A44; Bartonelose ;;;;
A46; Erysipelas ;;;;,A46; erysipelas ;;;;
A48; otras enfermedades bacterianas,A48; outras doenças bacterianas
A49; Infección bacteriana del sitio no especificado ;;;;,A49; infecção bacteriana do local não especificado ;;;;
A50; sífilis congénita ;;;;,A50; sífilis congênita ;;;;
A51; sífilis temprana ;;;;,A51; sífilis precoce ;;;;
A52; sífilis tardía ;;;;,A52; Sífilis tardio ;;;;
A53; otra sífilis no especificada ;;;;,A53; outra e não especificada sífilis ;;;;
A54; infección gonocócica ;;;;,A54; infecção gonocócica ;;;;;
A55; linfogranuloma de clamidia (venereum) ;;;;,A55; linfogranuloma de clamídia (venereum) ;;;;
A56; otras enfermedades de clamidia de transmisión sexual ;;;;,A56; outras doenças de clamídia sexualmente transmissíveis ;;;;;
A57; chancroid ;;;;,A57; Chancroid ;;;;
A58; granuloma inguinal ;;;;,A58; granuloma inguinal ;;;;;
A59; tricomoniasis ;;;;,A59; Tricomoníase ;;;;
A60; infecciones anogenitales herpesvirales [herpes simplex] ;;;;,A60; infecções anogenitárias herpesviral [herpes simplex] ;;;;
A63; Oth predominantemente enfermedades de transmisión sexual,A63; outras doenças transmissíveis predominantemente sexualmente
A64; enfermedad de transmisión sexual no especificada ;;;;,A64; doença sexualmente transmissível não especificada ;;;;;
A65; sífilis no veneal ;;;;,A65; sífilis não veneres ;;;;;
A66; tsis ;;;,A66; tsis ;;;
A67; Pinta [quilates] ;;;;,A67; Pinta [cará] ;;;;
A68; fiebres recurrentes ;;;;,A68; febres recorrentes ;;;;
A69; otras infecciones por espiroquetal ;;;;,A69; outras infecções espíricas ;;;;;
A70; infecciones de Chlamydia psittaci ;;;;,A70; Chlamydia Psittaci infecções ;;;;
A71; tracoma ;;;;,A71; trachoma ;;;;
A74; Otras enfermedades causadas por Chlamydiae ;;;;,A74; outras doenças causadas por Chlamydiae ;;;;
A75; Typhus Fever ;;;;,A75; febre do tifo ;;;;
A77; fiebre manchada [rickettsiosissiosis] ;;;;,A77; febre manchada [rickettsiosese nas arredores de carrapatos] ;;;;;
A78; Q Fever ;;;;,A78; q febre ;;;;
A79; otros rickettsiosis ;;;;,A79; outros rickettsioses ;;;;;
A80; poliomielitis aguda ;;;;,A80; poliomielite aguda ;;;;;
A81; infecciones atípicas del virus del sistema nervioso central ;;;;,A81; infecções por vírus atípicos do sistema nervoso central ;;;;;
A82; rabia ;;;;,A82; raiva ;;;;
A83; encefalitis viral transmitida por mosquitos ;;;;;,A83; encefalite viral transmitida por mosquito ;;;;;
A84; encefalitis viral transmitida por garrapatas ;;;;;,A84; encefalite viral transmitida por carrapatos ;;;;;
A85; Otra encefalitis viral,A85; outra encefalite viral
A86; encefalitis viral no especificada ;;;;;,A86; encefalite viral não especificada ;;;;;
A87; meningitis viral ;;;;,A87; meningite viral ;;;;
A88; Otras infecciones virales del sistema nervioso central,A88; outras infecções virais do sistema nervoso central
A89; infección viral no especificada del sistema nervioso central ;;;;,A89; infecção viral não especificada do sistema nervoso central ;;;;;
A90; Fiebre del dengue [dengue clásico] ;;;;,A90; dengue febre [dengue clássica] ;;;;
A91; fiebre hemorrágica del dengue ;;;;,A91; febre hemorrágica da dengue ;;;;;
A92; otras fiebres virales transmitidas por mosquitos ;;;;;,A92; outras febres virais transmitidas por mosquitos ;;;;;
A93; otras fiebres virales transmitidas por artrópodos,A93; outras febres virais transmitidas por artrópodes
A94; fiebre viral no especificada de artrópodos ;;;;,A94; febre viral não especificada por artrópodes ;;;;;
A95; fiebre amarilla ;;;;,A95; febre amarela ;;;;
A96; fiebre hemorrágica arenaviral ;;;;,A96; febre hemorrágica arenaviral ;;;;;
A98; Otras fiebres hemorrágicas virales,A98; outras febres hemorrágicas virais
A99; fiebre hemorrágica viral no especificada ;;;;,A99; febre hemorrágica viral não especificada ;;;;;
B00; Herpesviral [herpes simple] infecciones ;;;;,B00; infecções por herpesviral [herpes simplex] ;;;;;
B01; Varicella [varicela] ;;;;,B01; varicela [varicela] ;;;;;
B02; Zoster [Herpes Zoster] ;;;;,B02; Zoster [Herpes Zoster] ;;;;
B03; viruela ;;;;,B03; varíola ;;;;;
B04; Monkeypox ;;;;,B04; MONKEYPOX ;;;;
B05; sarampión ;;;;,B05; sarampo ;;;;
B06; rubella [sarampión alemana] ;;;;,B06; Rubella [sarampo alemão] ;;;;;
B07; verrugas virales ;;;;,B07; verrugas virais ;;;;
B08; Oth Viral Infect con la piel y las lesiones de membrana mucosa,B08; OTH infecto viral com lesões de pele e mucosa
B09; Infección viral de UNSP con piel y lesiones de membrana mucosa ;;;;;,B09; infecção viral UNSP com lesões de pele e mucosa;
B10; otros herpesvirus humanos ;;;;,B10; outros herpesvírus humanos ;;;;;
B15; Hepatitis A aguda A ;;;;,B15; hepatite aguda A ;;;;
B16; hepatitis aguda B ;;;;,B16; hepatite aguda B ;;;;;
B17; otra hepatitis viral aguda ;;;;,B17; outra hepatite viral aguda ;;;;;
B18; hepatitis viral crónica ;;;;,B18; hepatite viral crônica ;;;;;
B19; hepatitis viral no especificada ;;;;,B19; hepatite viral não especificada ;;;;;
B20; enfermedad del virus de inmunodeficiencia humana [VIH] ;;;;,B20; doença do vírus da imunodeficiência humana [HIV] ;;;;;
B25; enfermedad citomegaloviral ;;;;,B25; doença citomegaloviral ;;;;;
B26; paperas ;;;;,B26; caxumba ;;;;
B27; mononucleosis infecciosa ;;;;,B27; mononucleose infecciosa ;;;;;
B30; conjuntivitis viral ;;;;,B30; conjuntivite viral ;;;;
B33; otras enfermedades virales,B33; outras doenças virais
B34; infección viral del sitio no especificado ;;;;;,B34; infecção viral do local não especificado ;;;;
B35; dermatoftosis ;;;;,B35; dermatofitose ;;;;;
B36; otras micosis superficiales ;;;;,B36; outras micoses superficiais ;;;;;
B37; candidiasis ;;;;,B37; Candidíase ;;;;
B38; coccidioidomicosis ;;;;,B38; coccidioidomicose ;;;;;
B39; histoplasmosis ;;;;,B39; histoplasmose ;;;;
B40; Blastomicosis ;;;;,B40; Blastomicose ;;;;
B41; paracoccidioidomicosis ;;;;,B41; paracoccidioidomicose ;;;;;
B42; esporotrichosis ;;;;,B42; esporotricose ;;;;;
B43; cromomicisis y abscesos de feomicóticos ;;;;;,B43; cromomicose e abscesso feomicótico ;;;;;
B44; aspergilosis ;;;;,B44; aspergilose ;;;;
B45; criptococosis ;;;;,B45; criptococose ;;;;
B46; Zigomicosis ;;;;,B46; Zygomicose ;;;;
B47; Micetoma ;;;;,B47; Mycetoma ;;;;
B48; otras micosis,B48; outras micoses
B49; micosis no especificada ;;;;,B49; micose não especificada ;;;;;
B50; Plasmodium falciparum malaria ;;;;,B50; Plasmodium falciparum malária ;;;;
B51; Plasmodium vivax malaria ;;;;,B51; Plasmodium vivax malária ;;;;
B52; Plasmodium malariae malaria ;;;;,B52; Plasmodium malariae malária ;;;;;
B53; otra malaria especificada ;;;;,B53; outra malária especificada ;;;;
B54; malaria no especificada ;;;;,B54; malária não especificada ;;;;;
B55; Leishmaniasis ;;;;,B55; Leishmaniose ;;;;
B56; tripanosomiasis africana ;;;;,B56; tripanossomíase africana ;;;;;
B57; enfermedad de Chagas ;;;;,B57; doença de Chagas ;;;;;
B58; toxoplasmosis ;;;;,B58; Toxoplasmose ;;;;;
B59; neumocistados ;;;;,B59; pneumocistose ;;;;;
B60; otras enfermedades de protozoos,B60; outras doenças protozoárias
B64; enfermedad de protozoos no especificada ;;;;,B64; doença protozoal não especificada ;;;;;
B65; esquistosomiasis [bilharziasis] ;;;;,B65; esquistossomíase [bilarzíase] ;;;;;
B66; otras infecciones de Fluke ;;;;,B66; outras infecções por fluke ;;;;
B67; equinococcosis ;;;;,B67; Echinocococose ;;;;;
B68; película; ???,B68; filme; ???
B69; cisticercosis ;;;;,B69; cisticercose ;;;;
B70; Diphyllobotriasis y Sparganosis ;;;;,B70; Diphyllobotrinsis and Sparganisis ;;;;;
B71; otras infecciones de Cestode ;;;;,B71; outras infecções por Cestode ;;;;
B72; dracuncuziasis ;;;;,B72; dracuzíase ;;;;;
B73;Onchocerciasis;;;;,B73; oncocercose ;;;;;;
B74; filariasis ;;;;,B74; filariose ;;;;
B75; Trichinelosis ;;;;,B75; Tricelelose ;;;;
B76; enfermedades de anquilostoma ;;;;,B76; doenças de ancilostomíase ;;;;
B77; Ascariasis ;;;;,B77; ascaríase ;;;;
B78; ronda ????,B78; redonda ????
B79; tricuriasis ;;;;,B79; Trichuriase ;;;;
B80; enterobiasis ;;;;,B80; enterobíase ;;;;
B81; otras helmintiases intestinales,B81; outros helminthias intestinais
B82; parasitismo intestinal no especificado ;;;;;,B82; parasitismo intestinal não especificado ;;;;;
B83; otras helmintiases ;;;;,B83; outros helminthiases ;;;;
B85; pediculosis y ftiriasis ;;;;,B85; pediculose e ftiríase ;;;;
B86; snarting ;;;;,B86; sarna ;;;;
Bt7; músculo; ???,Bt7; músculo; ???
B88; otras infestaciones ;;;;,B88; outras infestações ;;;;
B89; enfermedad parásita no especificada ;;;;,B89; doença parasitária não especificada ;;;;;
B90; secuelas de tuberculosis ;;;;,B90; sequelas de tuberculose ;;;;;
B91; secuelas de poliomielitis ;;;;,B91; sequelas de poliomielite ;;;;;
B92; secuelas de lepra ;;;;,B92; sequelas da hanseníase ;;;;;
B94; secuelas de otras enfermedades infecciosas y parasitarias no PS ;;;;,B94; sequelas de outras doenças infecciosas e parasitárias e não sp;
B95; Strep como causa de enfermedades clasificadas en otra parte ;;;;,B95; Strep como a causa de doenças classificadas em outros lugares ;;;;
B96; Otros agentes bacterianos como la causa de las enfermedades classd elswhr ;;;;,B96; outros agentes bacterianos como a causa das doenças classd elswhr ;;;;
B97; agentes virales como la causa de las enfermedades clasificadas en otra parte ;;;;,B97; agentes virais como a causa de doenças classificadas em outros lugares ;;;;
B99; otras enfermedades infecciosas y no especificadas ;;;;,B99; outras doenças infecciosas e não especificadas ;;;;;
C00; neoplasia maligna de labio ;;;;,C00; neoplasia maligna do lábio ;;;;
C01; neoplasia maligna de la base de la lengua ;;;;,C01; neoplasia maligna da base da língua ;;;;
C02; neoplasia maligno de otras partes y no especificadas de la lengua ;;;;,C02; neoplasia maligna de outras partes e não especificadas da língua ;;;;
C03; neoplasia maligna de goma ;;;;,C03; neoplasia maligna da goma ;;;;
C04; neoplasia maligno de la boca ;;;;,C04; neoplasia maligna do piso da boca ;;;;
C05; neoplasia maligno del paladar ;;;;,C05; neoplasia maligna do palato ;;;;
C06; neoplasia maligna de otras partes y no especificadas de la boca ;;;;,C06; neoplasia maligna de outras partes da boca e não especificadas ;;;;;
C07; neoplasia maligna de la glándula parótida ;;;;;,C07; neoplasia maligna da glândula parótida ;;;;;
C08; neoplasia maligna de otras glándulas salivales principales y no PSP ;;;;,C08; neoplasia maligna de outras e não espistas das principais glândulas salivares ;;;;
C09; neoplasia maligno de amígdalas ;;;;,C09; neoplasia maligna da amígdala ;;;;
C10; neoplasia maligna de Orofarynx ;;;;,C10; neoplasia maligna da orofaringe ;;;;
C11; neoplasia maligna de Nasopharynx ;;;;;,C11; neoplasia maligna da nasofaringe ;;;;;
C12; neoplasia maligno del seno piriforme ;;;;,C12; neoplasia maligna do seio piriforme ;;;;;
C13; neoplasia maligna de hipofaringe ;;;;;,C13; neoplasia maligna da hipofaringe ;;;;;
C14; neoplasia malig de sitios en el labio,C14; neoplasia Malig de locais no lábio
C15; neoplasma maligno del esófago ;;;;,C15; neoplasia maligna do esôfago ;;;;
C16; neoplasia maligna del estómago ;;;;,C16; neoplasia maligna do estômago ;;;;
C17; neoplasia maligna del intestino delgado ;;;;;,C17; neoplasia maligna do intestino delgado ;;;;
C18; neoplasia maligno de colon ;;;;,C18; neoplasia maligna do cólon ;;;;
C19; neoplasia maligno de la unión rectosigmoidea ;;;;;,C19; neoplasia maligna da junção retoposigmóide ;;;;;
C20; neoplasia maligna de recto ;;;;,C20; neoplasia maligna do reto ;;;;
C21; neoplasia maligna de ano y canal anal ;;;;;,C21; neoplasia maligna do ânus e canal anal ;;;;
C22; neoplasia maligna de conductos biliares hepáticos e intrahepáticos ;;;;,C22; neoplasia maligna do fígado e ductos biliares intra -hepáticos ;;;;
C23; neoplasia maligna de la vesícula biliar ;;;;,C23; neoplasia maligna da vesícula biliar ;;;;
C24; neoplasia maligna de otras partes y un UNSP del tracto biliar ;;;;,C24; neoplasia maligna de outras partes e não sp do trato biliar ;;;;
C25; neoplasia maligna del páncreas ;;;;,C25; neoplasia maligna do pâncreas ;;;;
C26; neoplasia maligna de otros órganos digestivos y mal definidos ;;;;;,C26; neoplasia maligna de outros órgãos digestivos e mal definidos ;;;;
C30; neoplasia maligna de la cavidad nasal y el oído medio ;;;;;,C30; neoplasia maligna da cavidade nasal e ouvido médio ;;;;
C31; neoplasia maligno de senos accesorios ;;;;,C31; neoplasia maligna dos seios acessórios ;;;;;
C32; neoplasia maligna de Larynx ;;;;,C32; neoplasia maligna da laringe ;;;;;
C33; neoplasia maligna de tráquea ;;;;,C33; neoplasia maligna da traquéia ;;;;
C34; neoplasia maligna de Bronchus y pulmón ;;;;;,C34; neoplasia maligna de Bronchus e pulmão ;;;;
C37; neoplasma maligno de timo ;;;;,C37; neoplasia maligna do timo ;;;;
C38; neoplasma maligno del corazón,C38; neoplasia maligna do coração
C39; malig neoplm de sitios en los órganos de los SYS y Intrathorac ;;;;,C39; Malig NeoplM de locais nos órgãos resp e intratorac ;;;;;
C40; neoplasia maligna del hueso y el cartílago articular de las extremidades ;;;;,C40; neoplasia maligna do osso e cartilagem articular de membros ;;;;
C41; neoplasia maligna de hueso/Cartl artic y sitios de UNSP ;;;;,C41; neoplasia maligna de ósseo/cartl artic de e unsp sites ;;;;
C43; melanoma maligno de la piel ;;;;,C43; melanoma maligno da pele ;;;;;
C4a; carcinoma de células Merkel ;;;;,C4A; carcinoma de células Merkel ;;;;;
C44; otra y no especificada neoplasia maligna de la piel ;;;;,C44; outra e não especificada neoplasia maligna da pele ;;;;
C45; mesotelioma ;;;;,C45; Mesotelioma ;;;;
C46; Sarcoma de Capos ;;;;,C46; sarcoma de Capa ;;;;;
C 47; neoplasia maligna de nervios PRPH y sistema nervioso autónomo ;;;;,C 47; neoplasia maligna dos nervos PRPH e sistema nervoso autonômico ;;;;;
C48; neoplasia maligna de retroperitoneo y peritoneo ;;;;;,C48; neoplasia maligna de retroperitônio e peritônio ;;;;
C49; neoplasia maligna de otros tejidos conectivos y blandos ;;;;;,C49; neoplasia maligna de outros tecidos conjuntivos e moles ;;;;
C50; neoplasia maligna del seno ;;;;,C50; neoplasia maligna da mama ;;;;;
C51; neoplasia maligna de vulva ;;;;,C51; neoplasia maligna da vulva ;;;;
C52; neoplasia maligna de la vagina ;;;;,C52; neoplasia maligna da vagina ;;;;
C53; neoplasia maligna de Cervix Uteri ;;;;,C53; neoplasia maligna do colo do útero ;;;;;
C54; neoplasia maligna de Corpus uteri ;;;;,C54; neoplasia maligna de corpus uteri ;;;;
C55; neoplasma maligno del útero,C55; neoplasia maligna do útero
C56; neoplasia maligno del ovario ;;;;,C56; neoplasia maligna do ovário ;;;;
C57; neoplasia maligna de otros órganos genitales femeninos y no PSP ;;;;;,C57; neoplasia maligna de outros e unsp femininos órgãos genitais ;;;;;
C58; neoplasia maligna de placenta ;;;;,C58; neoplasia maligna da placenta ;;;;
C60; neoplasia maligno de pene ;;;;,C60; neoplasia maligna do pênis ;;;;
C61; neoplasia maligna de próstata ;;;;,C61; neoplasia maligna da próstata ;;;;
C62; neoplasia maligna de testículos ;;;;,C62; neoplasia maligna de testicular ;;;;
C63; neoplasia maligna de otros órganos genitales masculinos y sin PSP ;;;;;,C63; neoplasia maligna de outros e unsp masculinos órgãos genitais masculinos ;;;;;
C64; neoplasma maligno de riñón,C64; neoplasia maligna do rim
C65; neoplasia maligna de la pelvis renal ;;;;;,C65; neoplasia maligna da pelve renal ;;;;;
C66; neoplasia maligna de Ureter ;;;;,C66; neoplasia maligna de ureter ;;;;
C67; neoplasia maligno de la vejiga ;;;;,C67; neoplasia maligna da bexiga ;;;;
C68; neoplasia maligna de otros órganos urinarios y no especificados ;;;;,C68; neoplasia maligna de outros órgãos urinários e não especificados ;;;;
C69; neoplasia maligno de ojo y adnexa ;;;;;,C69; neoplasia maligna de olho e adexa ;;;;;
C70; neoplasia maligna de Meninges ;;;;,C70; neoplasia maligna de meninges ;;;;
C71; neoplasia maligna del cerebro ;;;;,C71; neoplasia maligna do cérebro ;;;;
C72; malig neoplm de la médula espinal,C72; Malig NeoplM da medula espinhal
C73; neoplasia maligna de la glándula tiroides ;;;;,C73; neoplasia maligna da glândula tireóide ;;;;;
C74; neoplasia maligna de la glándula suprarrenal ;;;;;,C74; neoplasia maligna da glândula adrenal ;;;;;
C75; neoplasia maligna de glándulas endo y estructuras relacionadas ;;;;;,C75; neoplasia maligna das glândulas endo e estruturas relacionadas ;;;;
C7a; tumores neuroendocrinos malignos ;;;;,C7a; tumores neuroendócrinos malignos ;;;;;
C7B; tumores neuroendocrinos secundarios ;;;;,C7B; tumores neuroendócrinos secundários ;;;;;
C76; neoplasia maligno de otros sitios y mal definidos ;;;;;,C76; neoplasia maligna de outros sites e mal definidos ;;;;
C77; neoplasia maligna secundaria y no especificada de ganglios linfáticos ;;;;,C77; neoplasia maligna secundária e não especificada dos linfonodos ;;;;;
C78; neoplasia maligna secundaria de los órganos respiros y digestivos ;;;;;,C78; neoplasia maligna secundária dos órgãos resp e digestivos ;;;;;
C79; neoplasia maligna secundaria de otros sitios y sitios no especificados ;;;;,C79; neoplasia maligna secundária de outros sites e não especificados ;;;;
C80; neoplasia maligno sin especificación del sitio ;;;;,C80; neoplasia maligna sem especificação do local ;;;;
C81; linfoma de Hodgkin ;;;;,C81; linfoma de Hodgkin ;;;;;
C82; linfoma folicular ;;;;,C82; linfoma folicular ;;;;;
C83; linfoma no folicular ;;;;;,C83; linfoma não passicular ;;;;;
C84; linfomas maduros T/NK-célula ;;;;;,C84; linfomas maduros de células T/NK ;;;;;
C85; Oth y tipos no especificados de linfoma no Hodgkin ;;;;,C85; OTH e tipos não especificados de linfoma não-hodgkin ;;;;;
C86; otros tipos especificados de linfoma T/NK-célula ;;;;;,C86; outros tipos especificados de linfoma de células T/NK ;;;;;
C88; malig inmunoproliferativo y cierta y cierta linfa de células B ;;;;;,C88; Malig imunoproliferativo dis e certa e certa linfa de células B ;;;;;;
C90; mieloma múltiple y neoplasias de células plasmáticas malignas ;;;;;,C90; mieloma múltiplo e neoplasias de células plasmáticas malignas ;;;;;
C91; leucemia linfoidea ;;;;,C91; leucemia linfóide ;;;;;
C92; leucemia mieloide ;;;;,C92; leucemia mielóide ;;;;;
C93; leucemia monocítica ;;;;,C93; leucemia monocítica ;;;;;
C94; otras leucemias del tipo de célula especificada ;;;;,C94; outras leucemias do tipo de célula especificado ;;;;
C95; leucemia del tipo de célula no especificada ;;;;,C95; Leucemia do tipo de célula não especificado ;;;;
C96; OTH & Unsp Malig Neoplm de linfoides,C96; OTH & UNSP MALIG NEOPLM DE Linfóide
D00; carcinoma in situ de cavidad oral,D00; carcinoma in situ de cavidade oral
D01; carcinoma in situ de otros órganos digestivos no especificados ;;;;;,D01; carcinoma in situ de outros órgãos digestivos não especificados ;;;;;
D02; carcinoma in situ de oído medio y sistema respiratorio ;;;;;,D02; carcinoma in situ de ouvido médio e sistema respiratório ;;;;
D03; melanoma in situ ;;;;,D03; melanoma in situ ;;;;
D04; Carcinoma in situ de la piel ;;;;,D04; carcinoma in situ da pele ;;;;
D05; carcinoma in situ de seno ;;;;,D05; carcinoma in situ da mama ;;;;
D06; Carcinoma in situ de Cervix Uteri ;;;;;,D06; carcinoma in situ do colo do útero ;;;;;
D07; carcinoma in situ de otros órganos genitales y no especificados ;;;;;,D07; carcinoma in situ de outros órgãos genitais e não especificados ;;;;;
D09; carcinoma in situ de otros sitios y no especificados ;;;;;,D09; carcinoma in situ de outros sites e não especificados ;;;;
D10; neoplasia benigna de boca y faringe ;;;;;,D10; neoplasia benigna da boca e faringe ;;;;
D11; neoplasia benigna de las principales glándulas salivales ;;;;,D11; neoplasia benigna das principais glândulas salivares ;;;;;
D12; neoplasma benigna del colon,D12; neoplasia benigna do cólon
D13; neoplasia benigna de y partes mal definidas del sistema digestivo ;;;;,D13; neoplasia benigna de e partes mal definidas do sistema digestivo ;;;;
D14; neoplasia benigna del oído medio y sistema respiratorio ;;;;;,D14; neoplasia benigna do ouvido médio e do sistema respiratório ;;;;;
D15; neoplasia benigna de otros órganos intratorácicos de PSP y UNSP ;;;;;,D15; neoplasia benigna de outros órgãos intratorácicos e não sp;
D16; neoplasia benigna del cartílago hueso y articular ;;;;;,D16; neoplasia benigna do osso e cartilagem articular ;;;;;
D17; neoplasia lipomatosa benigna ;;;;,D17; neoplasia lipomatosa benigna ;;;;;
D18; hemangioma y linfangioma,D18; hemangioma e linfangioma
D19; Neoplasia benigna del tejido mesotelial ;;;;;,D19; neoplasia benigna do tecido mesotelial ;;;;;
D20; neoplm benigno de tejido blando de retroperitón y peritoneo ;;;;;,D20; neoplos benignos de tecido mole de retroperiton e peritônio ;;;;
D21; otras neoplasias benignas de tejidos conectivos y otros tejidos blandos ;;;;;,D21; outras neoplasias benignas do conjunto conjuntivo e outros tecidos moles ;;;;
D22; nevi melanocítico ;;;;,D22; nevo melanocítico ;;;;;
D23; otras neoplasias benignas de la piel ;;;;,D23; outras neoplasias benignas da pele ;;;;
D24; neoplasia benigna del seno ;;;;,D24; neoplasia benigna da mama ;;;;;
D25; leiomioma de útero ;;;;,D25; leiomioma do útero ;;;;;
D26; Otras neoplasias benignas del útero ;;;;,D26; outras neoplasias benignas do útero ;;;;
D27; neoplasia benigna del ovario ;;;;,D27; neoplasia benigna do ovário ;;;;
D28; neoplasia benigna de otros órganos genitales femeninos y no PSP ;;;;;,D28; neoplasia benigna de outros e unsp femininos órgãos genitais ;;;;;
D29; neoplasia benigna de órganos genitales masculinos ;;;;;,D29; neoplasia benigna de órgãos genitais masculinos ;;;;;
D30; neoplasia benigna de los órganos urinarios ;;;;,D30; neoplasia benigna de órgãos urinários ;;;;;
D31; neoplasia benigna de ojo y adnexa ;;;;;,D31; neoplasia benigna de olho e adexa ;;;;;
D32; neoplasia benigna de Meninges ;;;;,D32; neoplasia benigna de meninges ;;;;
D33; neoplasia benigna del cerebro y oth PRT Sistema nervioso central ;;;;,D33; neoplasia benigna do cérebro e do sistema nervoso central de PRT ;;;;;
D34; neoplasia benigna de la glándula tiroides ;;;;,D34; neoplasia benigna da glândula tireóide ;;;;;
D35; neoplasia benigna de otras glándulas endocrinas y no especificadas ;;;;,D35; neoplasia benigna de outras glândulas endócrinas e não especificadas ;;;;;
D36; neoplasia benigna de otros sitios y no especificados ;;;;;,D36; neoplasia benigna de outros sites e não especificados ;;;;;
D3a; tumores neuroendocrinos benignos ;;;;,D3a; tumores neuroendócrinos benignos ;;;;;
D37; neoplasia del comportamiento de uncrt de la cavidad oral y los órganos DGSTV ;;;;,D37; neoplasia do comportamento UNCRT da cavidade oral e dos órgãos DGSTV ;;;;
D38; neoplm de un comportamiento uncrt del oído medio y resp e intrathorac org ;;;;,D38; neoplas de comportamento não -médio e resp e intratorac org ;;;;
D39; neoplasia de comportamiento incierto de los órganos genitales femeninos ;;;;;,D39; neoplasia do comportamento incerto dos órgãos genitais femininos ;;;;
D40; neoplasia de comportamiento incierto de los órganos genitales masculinos ;;;;;,D40; neoplasia do comportamento incerto dos órgãos genitais masculinos ;;;;;
D41; neoplasia de comportamiento incierto de los órganos urinarios ;;;;;,D41; neoplasia do comportamento incerto dos órgãos urinários ;;;;;
D42; neoplasia de comportamiento incierto de meninges ;;;;,D42; neoplasia do comportamento incerto de meninges ;;;;
D43; neoplasia de comportamiento incierto del cerebro y CNSL ;;;;;,D43; neoplasia do comportamento incerto do cérebro e CNSL ;;;;
D44; neoplasia de comportamiento incierto de las glándulas endocrinas ;;;;;,D44; neoplasia do comportamento incerto das glândulas endócrinas ;;;;;
D45; policitemia vera ;;;;,D45; policitemia vera ;;;;
D46; síndromes mielodisplásicos ;;;;,D46; síndromes mielodisplásicas ;;;;;
D47; Oth Neoplm of Uncrt Behave de linfoides,D47; oth neoplM de comportamento não -linfóide
D48; neoplasia de comportamiento incierto de otros sitios y sitios no PSP ;;;;;,D48; neoplasia do comportamento incerto de outros e unidades sites ;;;;;
D49; neoplasias de comportamiento no especificado ;;;;,D49; neoplasias de comportamento não especificado ;;;;
D50; anemia de deficiencia de hierro ;;;;,D50; anemia de deficiência de ferro ;;;;
D51; anemia de deficiencia de vitamina B12 ;;;;,D51; Anemia de deficiência de vitamina B12 ;;;;
D52; anemia de deficiencia de folato ;;;;,D52; anemia de deficiência de folato ;;;;;
D53; otras anemias nutricionales ;;;;,D53; outras anemias nutricionais ;;;;;
D55; anemia debido a trastornos enzimáticos ;;;;;,D55; anemia devido a distúrbios enzimáticos ;;;;;
D56; Thalassemia ;;;;,D56; talassemia ;;;;
D57; trastornos de células falciformes ;;;;,D57; distúrbios das células falciformes ;;;;;
D58; Otras anemias hemolíticas hereditarias ;;;;,D58; outras anemias hemolíticas hereditárias ;;;;;
D59; anemia hemolítica adquirida ;;;;,D59; anemia hemolítica adquirida ;;;;;
D60; adquirió aplasia de glóbulos rojos puros [eritroblastopenia] ;;;;,D60; adquirida aplasia pura de glóbulos vermelhos [eritroblastopenia] ;;;;
D61; oth anemias aplásicas y otros síndromes de falla de médula ósea ;;;;,D61; OTH anemias aplásticas e outras síndromes de insuficiência da medula óssea ;;;;;
D62; anemia posthemorrágica aguda ;;;;;,D62; anemia pós -reta aguda;
D63; anemia en enfermedades crónicas clasificadas en otra parte ;;;;,D63; anemia em doenças crônicas classificadas em outros lugares ;;;;
D64; otras anemias ;;;;,D64; outras anemias ;;;;
D65; coagulación intravascular diseminada ;;;;;,D65; coagulação intravascular disseminada ;;;;;
D66; deficiencia hereditaria de factor VIII ;;;;,D66; deficiência de fator hereditário VIII ;;;;;
D67; deficiencia hereditaria del factor IX ;;;;,D67; deficiência de fator hereditário IX ;;;;;
D68; otros defectos de coagulación ;;;;,D68; outros defeitos de coagulação ;;;;;
D69; Purpura y otras condiciones hemorrágicas ;;;;,D69; Purpura e outras condições hemorrágicas ;;;;
D70; neutropenia ;;;;,D70; neutropenia ;;;;
D71; trastornos funcionales de neutrófilos polimorfonucleares ;;;;;,D71; distúrbios funcionais de neutrófilos polimorfonucleares ;;;;;
D72; otros trastornos de glóbulos blancos ;;;;,D72; outros distúrbios de glóbulos brancos ;;;;;
D73; enfermedades de bazo ;;;;,D73; doenças do baço ;;;;;
D74; metemoglobinemia ;;;;,D74; Methemoglobinemia ;;;;;
D75; otras y enfermedades de la sangre de los órganos de la sangre y la sangre ;;;;;,D75; outras doenças e unsp doenças de sangue e órgãos formadores de sangue ;;;;
D76; Oth dis con tejido linforetular y reticulohistiocítico ;;;;,D76; oth dis com tecido linforético e reticulo -histiocítico ;;;;;
D77; Otros de la sangre/sangre de los órganos en enfermedades classd elswhr ;;;;,D77; OTH OMS RESTRO DE ORGANOS SANGULO/BLOOMENTO EM DOENÇAS CLASSD ELSWHR ;;;;
D78; complicaciones intraopeales y posprocedurales del bazo ;;;;;,D78; complicações intraop e pós -procedimento do baço ;;;;
D80; inmunodeficiencia con defectos predominantemente de anticuerpos ;;;;;,D80; imunodeficiência com defeitos predominantemente de anticorpos ;;;;;
D81; inmunodeficiencias combinadas ;;;;,D81; imunodeficiências combinadas ;;;;;
D82; inmunodeficiencia asociada con otros defectos importantes ;;;;;,D82; imunodeficiência associada a outros defeitos principais ;;;;
D83; inmunodeficiencia variable común ;;;;,D83; imunodeficiência variável comum ;;;;;
D84; otras inmunodeficiencias ;;;;,D84; outras imunodeficiências ;;;;;
D86; sarcoidosis ;;;;,D86; sarcoidose ;;;;
D89; Otros trastornos que involucran el mecanismo inmune,D89; outros distúrbios envolvendo o mecanismo imune
E00; síndrome de deficiencia de yodo congénita ;;;;,E00; síndrome de deficiência de iodo congênita ;;;;;
E01; trastornos de tiroides relacionados con la deficiencia de yodo y condado aliado ;;;;,E01; distúrbios da tireóide relacionados à deficiência de iodo e condição aliada ;;;;
E02; hipotiroidismo subclínico de deficiencia de yodo ;;;;;,E02; hipotireoidismo de deficiência de iodo subclínico ;;;;;
E03; otro hipotiroidismo ;;;;,E03; outro hipotireoidismo ;;;;;
E04; otro bocio no tóxico ;;;;,E04; outro bócio não tóxico ;;;;;
E05; tirotoxicosis [hipertiroidismo] ;;;;,E05; tireotoxicose [hipertireoidismo] ;;;;;
E06; tiroiditis ;;;;,E06; tireoidite ;;;;
E07; Otros trastornos de tiroides ;;;;,E07; outros distúrbios da tireóide ;;;;
E08; diabetes mellitus debido a la condición subyacente ;;;;;,E08; diabetes mellitus devido à condição subjacente ;;;;
E09; Diabetes mellitus inducida por fármaco o químicos ;;;;;,E09; diabetes mellitus induzido por drogas ou produtos químicos ;;;;;
E10; Diabetes mellitus tipo 1 ;;;;,E10; diabetes mellitus tipo 1 ;;;;;
E11; Diabetes mellitus tipo 2 ;;;;;,E11; diabetes mellitus tipo 2 ;;;;;
E13; Otra diabetes mellitus especificada ;;;;,E13; outro diabetes mellitus especificado ;;;;;
E15; coma hipoglucémica no diabética ;;;;,E15; coma hipoglicêmico não diabético ;;;;;
E16; Otros trastornos de la secreción interna pancreática ;;;;,E16; outros distúrbios da secreção interna pancreática ;;;;;
E20; hipoparatiroidismo ;;;;,E20; hipoparatireoidismo ;;;;;
E21; hiperparatiroidismo y otros trastornos de la glándula paratiroides ;;;;,E21; hiperparatireoidismo e outros distúrbios da glândula paratireóide ;;;;
E22; hiperfuncia de la glándula pituitaria ;;;;,E22; hiperfunção da glândula pituitária ;;;;
E23; hipofunción y otros trastornos de la glándula pituitaria ;;;;;,E23; hipofunção e outros distúrbios da glândula pituitária ;;;;
E24; síndrome de Cushing ;;;;,E24; síndrome de Cushing ;;;;;
E25; trastornos adrenogenitales ;;;;,E25; distúrbios adrenogenitais ;;;;;
E26; hiperaldosteronismo ;;;;,E26; hiperaldosteronismo ;;;;
E27; Otros trastornos de la glándula suprarrenal ;;;;,E27; outros distúrbios da glândula adrenal ;;;;
E28; disfunción ovárica ;;;;,E28; disfunção ovariana ;;;;;
E29; disfunción testicular ;;;;,E29; disfunção testicular ;;;;;
E30; trastornos de la pubertad,E30; distúrbios da puberdade
E31; disfunción poliglandular ;;;;,E31; disfunção poliglandular ;;;;;
E32; Enfermedades del timo ;;;;,E32; doenças do timo ;;;;
E34; otros trastornos endocrinos ;;;;,E34; outros distúrbios endócrinos ;;;;;
E35; trastornos de glándulas endocrinas en enfermedades classd elswhr ;;;;,E35; distúrbios das glândulas endócrinas em doenças classd elswhr ;;;;
E36; complicaciones intraoperatorias del sistema endocrino ;;;;,E36; complicações intraoperatórias do sistema endócrino ;;;;
E40; kwashiorkor ;;;;,E40; Kwashiorkor ;;;;
E41; marasmo nutricional ;;;;,E41; Marasmus nutricionais ;;;;;
E42; Kwashiorkor marásmico; 4.,E42; Marasmic Kwashiorkor; 4.
E43; desnutrición severa de proteínas en calorías no especificadas ;;;;;,E43; desnutrição de proteína severa não especificada de proteína severa ;;;;;
E44; desnutrición de proteínas en calorías de grado moderado y leve ;;;;,E44; desnutrição de proteína-caloria de grau moderado e leve ;;;;
E45; desarrollo retrasado después de la desnutrición de proteínas en calorías ;;;;;,E45; desenvolvimento retardado após a desnutrição de proteína-caloria ;;;;;
E46; desnutrición no especificada de proteínas en calorías ;;;;;,E46; desnutrição não especificada de proteína-caloria ;;;;;
E50; deficiencia de vitamina A ;;;;,E50; deficiência de vitamina A ;;;;
E51; deficiencia de tiamina ;;;;,E51; deficiência de tiamina ;;;;
E52; deficiencia de niacina [pelagra] ;;;;,E52; deficiência de niacina [Pellagra] ;;;;
E53; deficiencia de otras vitaminas del grupo B ;;;;,E53; deficiência de outras vitaminas do grupo B ;;;;;
E54; deficiencia de ácido ascórbico ;;;;,E54; deficiência de ácido ascórbico ;;;;;
E55; deficiencia de vitamina D ;;;;,E55; deficiência de vitamina D ;;;;
E56; Otras deficiencias de vitaminas ;;;;,E56; outras deficiências vitamínicas ;;;;;
E58; deficiencia dietética de calcio ;;;;,E58; deficiência de cálcio na dieta ;;;;;
E59; deficiencia de selenio dietético ;;;;,E59; deficiência de selênio na dieta ;;;;;
E60; deficiencia dietética de zinc ;;;;,E60; deficiência de zinco na dieta ;;;;;
E61; Deficiencia de otros elementos de nutrientes ;;;;,E61; deficiência de outros elementos nutrientes ;;;;;
E63; otras deficiencias nutricionales ;;;;,E63; outras deficiências nutricionais ;;;;;
E64; secuelas de desnutrición y otras deficiencias nutricionales ;;;;;,E64; sequelas de desnutrição e outras deficiências nutricionais ;;;;;
E65; adiposidad localizada ;;;;,E65; adiposidade localizada ;;;;
E66; sobrepeso y obesidad ;;;;,E66; sobrepeso e obesidade ;;;;;
E67; Otra hiperalimentación ;;;;,E67; outra hiperalimentação ;;;;
E68; secuelas de hiperalimentación ;;;;;,E68; sequelas de hiperalimentação ;;;;;
E70; Trastornos del metabolismo amino-ácido aromático ;;;;;,E70; distúrbios do metabolismo aromático de aminoácidos ;;;;;
E71; Disords de metab amino-ácido de cadena ramificada y metab de ácido graso ;;;;,E71; distúrbio do metabolismo aminoácido de cadeia ramificada e metaboduto ácido graxo ;;;;
E72; Otros trastornos del metabolismo amino-ácido ;;;;;,E72; outros distúrbios do metabolismo aminoácido ;;;;;
E73; intolerancia a la lactosa ;;;;,E73; intolerância à lactose ;;;;;
E74; Otros trastornos del metabolismo de los carbohidratos ;;;;;,E74; outros distúrbios do metabolismo de carboidratos ;;;;;
E75; trastornos del metabolismo de los esfingolípidos y otros trastornos de almacenamiento de lípidos ;;;;,E75; distúrbios do metabolismo esfingolipídico e outros distúrbios de armazenamento lipídicos ;;;;
E76; trastornos del metabolismo de glicosaminoglicano ;;;;;,E76; distúrbios do metabolismo glicosaminoglicano ;;;;;
E77; trastornos del metabolismo de las glucoproteínas ;;;;;,E77; distúrbios do metabolismo da glicoproteína ;;;;;
E78; trastornos del metabolismo de las lipoproteínas y otras lipidemias ;;;;,E78; distúrbios do metabolismo da lipoproteína e outras lipidemias ;;;;
E79; trastornos del metabolismo de purina y pirimidina ;;;;;,E79; distúrbios do metabolismo da purina e pirimidina ;;;;;
E80; trastornos del metabolismo de porfirina y bilirrubina ;;;;;,E80; distúrbios do metabolismo de porfirina e bilirrubina ;;;;;
E83; trastornos del metabolismo mineral ;;;;;,E83; distúrbios do metabolismo mineral ;;;;;
E84; fibrosis quística ;;;;,E84; fibrose cística ;;;;;
E85; amiloidosis ;;;;,E85; amiloidose ;;;;
E86; agotamiento del volumen ;;;;,E86; depleção de volume ;;;;
E87; Otros trastornos de fluido,E87; outros distúrbios do fluido
E88; Otros trastornos metabólicos y no especificados ;;;;;,E88; outros distúrbios metabólicos e não especificados ;;;;;
E89; comproc endocrino y metabólicos y trastornos,E89; compra e distúrbios endócrinos e metabólicos pós -procres
F01; demencia vascular ;;;;,F01; demência vascular ;;;;;
F02; demencia en otras enfermedades clasificadas en otra parte ;;;;,F02; demência em outras doenças classificadas em outros lugares ;;;;
F03; demencia no especificada ;;;;,F03; demência não especificada ;;;;;
F04; trastorno amnésico debido a la condición fisiológica conocida ;;;;,F04; transtorno amnésico devido à condição fisiológica conhecida ;;;;;
F05; delirio debido a la condición fisiológica conocida ;;;;,F05; delirium devido à condição fisiológica conhecida ;;;;;
F06; otros trastornos mentales debido a la condición fisiológica conocida ;;;;,F06; outros transtornos mentais devido à condição fisiológica conhecida ;;;;;
F07; trastornos de personalidad y comportamiento debido a un fisiol cond ;;;;,F07; personalidade e distúrbios comportamentais devido a Physiol Cond ;;;;;;
F09; trastorno mental de UNSP debido a la condición fisiológica conocida ;;;;,F09; distúrbio mental UNSP devido à condição fisiológica conhecida ;;;;;
F10; trastornos relacionados con el alcohol ;;;;,F10; distúrbios relacionados ao álcool ;;;;;
F11; trastornos relacionados con opioides ;;;;,F11; distúrbios relacionados a opióides ;;;;;
F12; trastornos relacionados con el cannabis ;;;;,F12; distúrbios relacionados à cannabis ;;;;;
F13; sedante,F13; sedativo
F14; trastornos relacionados con la cocaína ;;;;,F14; distúrbios relacionados à cocaína ;;;;;
F15; Otros trastornos relacionados con los estimulantes ;;;;,F15; outros distúrbios relacionados a estimulantes ;;;;;
F16; trastornos relacionados con alucinógenos ;;;;,F16; distúrbios relacionados ao hallucinogênio ;;;;;
F17; dependencia de nicotina ;;;;,F17; dependência de nicotina ;;;;
F18; trastornos relacionados con inhalantes ;;;;,F18; distúrbios relacionados inalantes ;;;;;
F19; Otros trastornos relacionados con la sustancia psicoactiva ;;;;,F19; outros distúrbios relacionados a substâncias psicoativas ;;;;;
F20; esquizofrenia ;;;;,F20; esquizofrenia ;;;;
F21; trastorno esquizotípico ;;;;,F21; Transtorno Esquizotípico ;;;;;
F22; trastornos delirantes ;;;;,F22; distúrbios ilusórios ;;;;;
F23; trastorno psicótico breve ;;;;,F23; breve transtorno psicótico ;;;;
F24; trastorno psicótico compartido ;;;;,F24; distúrbio psicótico compartilhado ;;;;;
F25; trastornos esquizoafectivos ;;;;,F25; distúrbios esquizoafetivos ;;;;;
F28; Oth Psych Trasly no debido a un subsio o conocido Physiol Cond ;;;;,F28; OTH Transtorno psicológico não devido a um sub -ou conhecido Physiol cond ;;;;
F29; psicosis unsp no debido a una sustancia o un fisiol condicional conocido ;;;;,F29; UNSP Psicose não devido a uma substância ou Fishiol Cond ;;;;;
F30; episodio maníaco ;;;;,F30; episódio maníaco ;;;;
F31; trastorno bipolar ;;;;,F31; transtorno bipolar ;;;;;
F32; episodio depresivo ;;;;,F32; episódio depressivo ;;;;
F33; trastorno depresivo mayor,F33; transtorno depressivo maior
F34; trastornos de estado de ánimo persistente [afectivo] ;;;;,F34; Distúrbios de humor persistente [afetivos] ;;;;;
F39; desorden no especificado de estado de ánimo [afectivo] ;;;;,F39; Transtorno de humor não especificado [afetivo] ;;;;;
F40; trastornos de ansiedad fóbica ;;;;,F40; transtornos de ansiedade fóbica ;;;;;
F41; otros trastornos de ansiedad ;;;;,F41; outros transtornos de ansiedade ;;;;
F42; trastorno obsesivo-compulsivo ;;;;,F42; transtorno obsessivo-compulsivo ;;;;;
F43; reacción al estrés severo,F43; reação ao estresse grave
F44; trastornos disociativos y de conversión ;;;;;,F44; distúrbios dissociativos e de conversão ;;;;;
F45; trastornos de la somatomisión ;;;;,F45; distúrbios somatofóricos ;;;;;
F48; otros trastornos mentales no psicóticos ;;;;,F48; outros transtornos mentais não psicóticos ;;;;;
F50; trastornos alimentarios ;;;;,F50; distúrbios alimentares ;;;;
F51; trastornos del sueño no debido a una sustancia o fisiol condicional conocido ;;;;,F51; distúrbios do sono não devido a uma substância ou physiol cond ;;;;;
F52; disfnct sexual no debido a una sustancia o fisiol cond ;;;;,F52; disfnnct sexual não devido a uma substância ou physiol cond ;;;;
F53; los trastornos mentales y de comportamiento se asocian con el puerperio,F53; distúrbios mentais e comportamentais associados ao Puerperium
F54; Psych & Behavrl Factores Assoc W Disord o Dis classd Elswhr ;;;;,F54; Psych & Behavrl Fatores Assoc W Disord ou Dis Classd elswhr ;;;;
F55; abuso de sustancias no psicoactivas ;;;;,F55; abuso de substâncias não psicoativas ;;;;;
F59; Unsp Behavrl Synd Assoc W Physiol perturban y factores de PhysCl ;;;;,F59; UNSP COMPRRRL SYND ASSOC W PHYSION DISTURNO E FATORES PHYSCL ;;;;;
F60; trastornos de personalidad específicos ;;;;,F60; distúrbios específicos da personalidade ;;;;;
F63; trastornos del impulso ;;;;,F63; distúrbios de impulso ;;;;;
F64; trastornos de identidad de género ;;;;,F64; distúrbios de identidade de gênero ;;;;;
F65; parafilias ;;;;,F65; parafilias ;;;;
F66; otros trastornos sexuales ;;;;,F66; outros distúrbios sexuais ;;;;
F68; Otros trastornos de la personalidad y el comportamiento de los adultos ;;;;,F68; outros distúrbios da personalidade e comportamento adultos ;;;;
F69; trastorno no especificado de la personalidad y el comportamiento de los adultos ;;;;,F69; distúrbio não especificado da personalidade e comportamento adultos ;;;;;
F70; discapacidades intelectuales leves ;;;;,F70; deficiências intelectuais leves ;;;;;
F71; discapacidades intelectuales moderadas ;;;;,F71; deficiências intelectuais moderadas ;;;;;
F72; discapacidades intelectuales severas ;;;;,F72; deficiências intelectuais graves ;;;;;
F73; discapacidades intelectuales profundas ;;;;,F73; deficiências intelectuais profundas ;;;;;
F78; otras discapacidades intelectuales ;;;;,F78; outras deficiências intelectuais ;;;;;
F79; discapacidades intelectuales no especificadas ;;;;,F79; deficiências intelectuais não especificadas ;;;;;
F80; trastornos de desarrollo específicos del habla y el lenguaje ;;;;,F80; distúrbios específicos do desenvolvimento da fala e da linguagem ;;;;
F81; trastornos de desarrollo específicos de habilidades escolares ;;;;,F81; distúrbios específicos do desenvolvimento de habilidades escolares ;;;;
F82; trastorno del desarrollo específico de la función motora ;;;;,F82; distúrbio de desenvolvimento específico da função motora ;;;;;
F84; trastornos del desarrollo generalizados ;;;;,F84; distúrbios generalizados do desenvolvimento ;;;;;
F88; Otros trastornos del desarrollo psicológico ;;;;,F88; outros distúrbios do desenvolvimento psicológico ;;;;;
F89; trastorno no especificado del desarrollo psicológico ;;;;,F89; distúrbio não especificado do desenvolvimento psicológico ;;;;
F90; trastornos de hiperactividad de déficit de atención ;;;;;,F90; distúrbios de hiperatividade déficit de atenção ;;;;;
F91; trastornos de conducta ;;;;,F91; conduta distúrbios ;;;;
F93; Trastornos emocionales con inicio específico para la infancia ;;;;,F93; distúrbios emocionais com início específico para a infância ;;;;
F94; DISord Social W aparición específica de la infancia y la adolescencia ;;;;;,F94; Distúrbio Social W Informado específico para a infância e adolescência ;;;;;
F95; trastorno de tic ;;;;,F95; Transtorno TIC ;;;;
F98; Oth Behav/EMOTN TRASTOR con el inicio generalmente ocurren en la infancia y adol ;;;;,F98; OTH IMPORTIDO COMPROMENTO/EMON COM O início geralmente ocorrem na infância e adol ;;;;
F99; trastorno mental,F99; Transtorno Mental
G00; meningitis bacteriana,G00; meningite bacteriana
G01; meningitis en enfermedades bacterianas clasificadas en otros lugares ;;;;,G01; meningite em doenças bacterianas classificadas em outros lugares ;;;;
G02; Meningitis en Oth Infec/Parastc Enfermedades classd Elswhr ;;;;,G02; meningite em outras doenças infecciosas/parastC Classd elswhr ;;;;
G03; meningitis debido a otras causas y no especificadas ;;;;,G03; meningite devido a outras causas e não especificadas ;;;;;
G04; encefalitis,G04; encefalite
G05; Enchlts,G05; Encphlts
G06; absceso intracraneal e intraespinal y granuloma ;;;;;,G06; abscesso e granuloma intracraniano e intraespinal ;;;;;
G07; Absceso y granuloma intraespinal en Internet en disswhr ;;;;,G07; interno e abscesso intraespinal e granuloma em DIS Classd elswhr ;;;;
G08; flebitis intracraneal e intraespinal y tromboflebitis ;;;;;,G08; flebitis intracranianos e intraespinais e tromboflebitis ;;;;
G09; secuelas de enfermedades inflamatorias del sistema nervioso central ;;;;;,G09; sequelas de doenças inflamatórias do sistema nervoso central ;;;;;
G10; enfermedad de Huntington ;;;;,G10; doença de Huntington ;;;;
G11; ataxia hereditaria ;;;;,G11; ataxia hereditária ;;;;
G12; atrofia muscular espinal y síndromes relacionados ;;;;;,G12; atrofia muscular espinhal e síndromes relacionadas ;;;;;
G13; Atrofias sistémicas aff cnsl en enfermedades classd elswhr ;;;;,G13; ATROFIAS SISTEMICAS AFF CNSL em doenças Classd elswhr ;;;;
C14; Postpone suscripción ???,C14; assinatura de adição ???
G20; enfermedad de Parkinson ;;;;,G20; doença de Parkinson ;;;;
G21; Parkinsonismo secundario ;;;;,G21; parkinsonismo secundário ;;;;
G23; Otras enfermedades degenerativas de los ganglios basales ;;;;,G23; outras doenças degenerativas dos gânglios da base ;;;;;
G24; Distonia ;;;;,G24; DISSTONIA ;;;;
G25; otros trastornos extrapiramidales y de movimiento ;;;;;,G25; outros distúrbios extrapiramidal e de movimento ;;;;;
G26; trastorno extrapiramidal y del movimiento en enfermedades classd elswhr ;;;;,G26; Extrapiramidal e Transtorno do Movimento em Doenças Classd elswhr ;;;;
G30; enfermedad de Alzheimer ;;;;,G30; doença de Alzheimer ;;;;;
G31; Oth Degenerative Enfermedades del sistema nervioso,G31; outras doenças degenerativas do sistema nervoso
G32; con trastorno degenerativo del sistema nervioso en dis classd elswhr ;;;;,G32; com transtorno degenerativo do sistema nervoso em DIS Classd elswhr ;;;;
G35; esclerosis múltiple ;;;;,G35; esclerose múltipla ;;;;
G36; otra desmielinización diseminada aguda ;;;;,G36; outra desmielinização aguda disseminada ;;;;;
G37; otras enfermedades desmielinizantes del sistema nervioso central ;;;;,G37; outras doenças desmielinizantes do sistema nervoso central ;;;;;
G40; epilepsia y convulsiones recurrentes ;;;;,G40; epilepsia e convulsões recorrentes ;;;;
G43; migraña ;;;;,G43; enxaqueca ;;;;
G44; otros síndromes de dolor de cabeza ;;;;,G44; outras síndromes de dor de cabeça ;;;;;
G45; ataques isquémicos cerebrales transitorios y síndromes relacionados ;;;;,G45; ataques isquêmicos cerebrais transitórios e síndromes relacionadas ;;;;;
G46; síndromes vasculares del cerebro en enfermedades cerebrovasculares ;;;;,G46; síndromes vasculares do cérebro em doenças cerebrovasculares ;;;;;
G47; trastornos del sueño ;;;;,G47; distúrbios do sono ;;;;
G50; trastornos del nervio trigémino ;;;;,G50; distúrbios do nervo trigêmeo ;;;;;
G51; trastornos del nervio facial ;;;;,G51; distúrbios do nervo facial ;;;;;
G52; trastornos de otros nervios craneales ;;;;,G52; distúrbios de outros nervos cranianos ;;;;;
G53; trastornos del nervio craneal en enfermedades clasificadas en otra parte ;;;;,G53; distúrbios do nervo craniano em doenças classificadas em outros lugares ;;;;
G54; trastornos de raíz nerviosa y plexo ;;;;;,G54; transtornos da raiz e plexo nervosos ;;;;;
G55; compresiones de raíz nerviosa y plexo en enfermedades classd elswhr ;;;;,G55; compressões da raiz do nervo e do plexo em doenças Classd elswhr ;;;;
G56; Mononeuropatías de la extremidad superior ;;;;,G56; mononeuropatias do membro superior ;;;;
G57; Mononeuropatías de la extremidad inferior ;;;;,G57; mononeuropatias do membro inferior ;;;;
G58; otras mononeuropatías ;;;;,G58; outras mononeuropatias ;;;;;
G59; Mononeuropatía en enfermedades clasificadas en otra parte ;;;;,G59; mononeuropatia em doenças classificadas em outros lugares ;;;;
G60; neuropatía hereditaria e idiopática ;;;;,G60; neuropatia hereditária e idiopática ;;;;;
G61; polineuropatía inflamatoria ;;;;,G61; polineuropatia inflamatória ;;;;;
G62; otras polneuropatías y no especificadas ;;;;;,G62; outras polineuropatias e não especificadas;
G63; Polineuropatía en enfermedades clasificadas en otra parte ;;;;,G63; Polyneuropatia em doenças classificadas em outros lugares ;;;;
G64; Otros trastornos del sistema nervioso periférico ;;;;,G64; outros distúrbios do sistema nervoso periférico ;;;;;
G65; secuelas de polineuropatías inflamatorias y tóxicas ;;;;;,G65; sequelas de polineuropatias inflamatórias e tóxicas ;;;;;
G70; Myastenia gravis y otros trastornos myoneurales ;;;;;,G70; miastenia gravis e outros distúrbios mioneurais ;;;;
G71; trastornos primarios de los músculos ;;;;,G71; distúrbios primários dos músculos ;;;;;
G72; otras miopatías y miopatías no especificadas ;;;;,G72; outras miopatias e não especificadas ;;;;;
G73; Disord de unión y músculo myoneural en dis classd elswhr ;;;;,G73; distúrbio da junção e músculo mioneural em DIS Classd elswhr ;;;;
G80; parálisis cerebral ;;;;,G80; Paralisia Cerebral ;;;;;
G81; hemiplejia y hemiparesis ;;;;,G81; Hemiplegia e Hemiparesia ;;;;
G82; paraaplejia (paraaparesis) y cuadriplegia (cuadriparesia) ;;;;,G82; paraplegia (paraparesia) e quadriplegia (quadriparesia) ;;;;
G83; otros síndromes paralíticos ;;;;,G83; outras síndromes paralíticas ;;;;;
G89; dolor,G89; dor
G90; trastornos del sistema nervioso autónomo ;;;;,G90; distúrbios do sistema nervoso autonômico ;;;;;
G91; Hydrocephalus ;;;;,G91; Hydrocephalus ;;;;;
G92; encefalopatía tóxica ;;;;,G92; encefalopatia tóxica ;;;;;
G93; Otros trastornos del cerebro ;;;;,G93; outros distúrbios do cérebro ;;;;
G94; Otros trastornos del cerebro en enfermedades clasificadas en otros lugares ;;;;,G94; outros distúrbios do cérebro em doenças classificadas em outros lugares ;;;;
G95; otras enfermedades y no especificadas de la médula espinal ;;;;,G95; outras doenças e não especificadas da medula espinhal ;;;;
G96; Otros trastornos del sistema nervioso central ;;;;,G96; outros distúrbios do sistema nervoso central ;;;;;
G97; intraop y postproc y trastornos del sistema nervioso,G97; Intraop e Postproc Comp e distúrbios do sistema nervoso
G98; Otros trastornos del sistema nervioso no clasificados en otros lugares ;;;;,G98; outros distúrbios do sistema nervoso não classificados em outros lugares ;;;;;
G99; Otros trastornos del sistema nervioso en enfermedades classd elswhr ;;;;,G99; outros distúrbios do sistema nervoso em doenças Classd elswhr ;;;;
H00; Hordeolum y Chalazion ;;;;,H00; Hordeolum e Chalazion ;;;;;
H01; Otra inflamación de los párpados ;;;;,H01; outra inflamação da pálpebra ;;;;;
H02; Otros trastornos de los párpados ;;;;,H02; outros distúrbios da pálpebra ;;;;
H04; Trastornos del sistema lagrimal ;;;;,H04; distúrbios do sistema lacrimal ;;;;;
H05; trastornos de órbita ;;;;,H05; distúrbios da órbita ;;;;
H10; conjuntivitis ;;;;,H10; conjuntivite ;;;;
H11; otros trastornos de conjuntiva ;;;;,H11; outros distúrbios da conjuntiva ;;;;;
H15; Trastornos de Sclera ;;;;,H15; Distúrbios de Sclera ;;;;;
H16; queratitis ;;;;,H16; ceratite ;;;;
H17; cicatrices corneales y opacidades ;;;;,H17; cicatrizes e opacidades da córnea ;;;;;
H18; Otros trastornos de Cornea ;;;;,H18; outros distúrbios da córnea ;;;;;
H20; iridociclitis ;;;;,H20; iridociclite ;;;;
H21; Otros trastornos del Iris y el cuerpo ciliar ;;;;;,H21; outros distúrbios da íris e do corpo ciliar ;;;;;
H22; Trastornos del iris y el cuerpo ciliar en enfermedades classd elswhr ;;;;,H22; distúrbios do corpo de íris e ciliares em doenças Classd elswhr ;;;;
H25; catarata relacionada con la edad ;;;;,H25; catarata relacionada à idade ;;;;;
H26; otra catarata ;;;;,H26; outra catarata ;;;;
H27; Otros trastornos de lente ;;;;,H27; outros distúrbios das lentes ;;;;
H28; catarata en enfermedades clasificadas en otra parte ;;;;,H28; catarata em doenças classificadas em outros lugares ;;;;
H30; inflamación coriorretinal ;;;;,H30; inflamação coriorretiniana ;;;;;
H31; otros trastornos de la coroides ;;;;,H31; outros distúrbios do coróide ;;;;
H32; trastornos coriorretinales en enfermedades clasificadas en otra parte ;;;;,H32; distúrbios coriorretinais em doenças classificadas em outros lugares ;;;;
H33; destacamentos de retina y descansos ;;;;,H33; descolamentos e quebras da retina ;;;;;
H34; oclusiones vasculares retinianas ;;;;,H34; oclusões vasculares retinianas ;;;;;
H35; otros trastornos retinianos ;;;;,H35; outros distúrbios da retina ;;;;
H36; trastornos retinianos en enfermedades clasificadas en otra parte ;;;;,H36; distúrbios da retina em doenças classificadas em outros lugares ;;;;
H40; Glaucoma ;;;;,H40; glaucoma ;;;;
H42; Glaucoma en enfermedades clasificadas en otra parte ;;;;,H42; glaucoma em doenças classificadas em outros lugares ;;;;
H43; trastornos del cuerpo vítreo ;;;;,H43; distúrbios do corpo vítreo ;;;;;
H44; trastornos de Globe ;;;;,H44; distúrbios do Globe ;;;;
H46; neuritis óptica ;;;;,H46; neurite óptica ;;;;
H47; Otros trastornos de las vías nerviosas y visuales ópticas [2º] ;;;;;,H47; outros distúrbios do nervo óptico [2º] e vias visuais ;;;;;
H49; estrabismo paralítico ;;;;,H49; estrabismo paralítico ;;;;;
H50; otro estrabismo ;;;;,H50; outro estrabismo ;;;;
H51; Otros trastornos del movimiento binocular ;;;;,H51; outros distúrbios do movimento binocular ;;;;;
H52; trastornos de refracción y alojamiento ;;;;,H52; distúrbios de refração e acomodação ;;;;
H53; perturbaciones visuales ;;;;,H53; distúrbios visuais ;;;;
H54; ceguera y baja visión ;;;;,H54; cegueira e baixa visão ;;;;
H55; Nystagmo y otros movimientos oculares irregulares ;;;;;,H55; Nistagmo e outros movimentos irregulares dos olhos ;;;;;
H57; Otros trastornos de Eye y Adnexa ;;;;,H57; outros distúrbios do olho e ANDNEXA ;;;;
H59; Intrap y PostProc Comp and Disord of Eye y Adnexa,H59; Intraop e Postproc Comp e Distúrbios de Eye and ANDNEXA
H60; Otitis externa ;;;;,H60; otite externa ;;;;
H61; Otros trastornos del oído externo ;;;;,H61; outros distúrbios do ouvido externo ;;;;;
H62; Trastornos de oído externo en enfermedades clasificadas en otra parte ;;;;,H62; distúrbios do ouvido externo em doenças classificadas em outros lugares ;;;;
H65; Otitis Media no supurativa ;;;;,H65; otite média não substituída ;;;;;
H66; Otitis Media supurativa y no especificada ;;;;;,H66; otite média supurativa e não especificada ;;;;;
H67; Otitis Media en enfermedades clasificadas en otros lugares ;;;;,H67; otite média em doenças classificadas em outros lugares ;;;;
H68; Salpingitis y obstrucción de Eustaquio ;;;;,H68; Salpingite e obstrução de Eustachian ;;;;;
H69; Otros trastornos y no especificados de Eustachian Tube ;;;;;,H69; outros distúrbios e não especificados do tubo Eustáquio ;;;;;
H70; mastoiditis y condiciones relacionadas ;;;;,H70; mastoidite e condições relacionadas ;;;;;
H71; colesteatoma del oído medio ;;;;,H71; colesteatoma do ouvido médio ;;;;;
H72; perforación de la membrana timpánica ;;;;,H72; perfuração da membrana timpânica ;;;;;
H73; Otros trastornos de la membrana timpánica ;;;;;,H73; outros distúrbios da membrana timpânica ;;;;;
H74; Otros trastornos del mastoides del oído medio ;;;;,H74; outros distúrbios do mastóide da orelha média ;;;;;
H75; OTH INTRD del oído medio y el mastoides en enfermedades classd elswhr ;;;;,H75; OTH interrompido do ouvido médio e mastóide em doenças Classd elswhr ;;;;
H80; Otosclerosis ;;;;,H80; otosclerose ;;;;
H81; trastornos de la función vestibular ;;;;;,H81; distúrbios da função vestibular ;;;;;
H82; síndromes vertiginosos en enfermedades clasificadas en otra parte ;;;;,H82; síndromes vertiginosas em doenças classificadas em outros lugares ;;;;
H83; Otras enfermedades del oído interno ;;;;,H83; outras doenças do ouvido interno ;;;;;
H90; pérdida auditiva conductora y sensorial ;;;;,H90; perda auditiva condutora e neurossensorial ;;;;;
H91; otra pérdida auditiva y no especificada ;;;;,H91; outra e não especificada perda auditiva ;;;;;
H92; Otalgia y derrame de oído ;;;;,H92; Otalgia e Efusão de Ear ;;;;
H93; Otros trastornos del oído,H93; outros distúrbios do ouvido
H94; Otros trastornos del oído en enfermedades clasificados en otra parte ;;;;,H94; outros distúrbios do ouvido em doenças classificadas em outros lugares ;;;;
H95; intraop y postproc y trastornos de la oreja/mastd,H95; Intraop e Postproc Comp e Distúrbios de Ear/Mastd
I00; fiebre reumática sin afectación cardíaca ;;;;,I00; febre reumática sem envolvimento do coração ;;;;;
I01; fiebre reumática con afectación cardíaca ;;;;,I01; febre reumática com envolvimento do coração ;;;;
I02; corea reumática ;;;;,I02; corea reumática ;;;;;
I05; enfermedades reumáticas de la válvula mitral ;;;;,I05; doenças da válvula mitral reumática ;;;;;
I06; enfermedades reumáticas de la válvula aórtica ;;;;,I06; doenças da válvula aórtica reumática ;;;;;
I07; enfermedades reumáticas de la válvula tricúspide ;;;;,I07; doenças da válvula tricúspide reumática ;;;;;
I08; enfermedades múltiples de la válvula ;;;;,I08; múltiplas doenças da válvula ;;;;
I09; otras enfermedades cardíacas reumáticas ;;;;,I09; outras doenças cardíacas reumáticas ;;;;;
I10; hipertensión esencial (primaria) ;;;;,I10; hipertensão essencial (primária) ;;;;;
I11; enfermedad cardíaca hipertensiva ;;;;,I11; doença cardíaca hipertensiva ;;;;
I12; enfermedad renal crónica hipertensiva ;;;;,I12; doença renal crônica hipertensiva ;;;;;
I13; enfermedad hipertensiva del corazón y renal crónico ;;;;,I13; coração hipertensivo e doença renal crônica ;;;;
I15; hipertensión secundaria ;;;;,I15; hipertensão secundária ;;;;;
I16; crisis hipertensiva ;;;;,I16; crise hipertensiva ;;;;;
I20; angina pectoris ;;;;,I20; angina pectoris ;;;;
I21; infarto agudo de miocardio ;;;;,I21; infarto agudo do miocárdio ;;;;;
I22; posterior infrc de Stemi y Nstemi Mocard ;;;;,I22; subsequente STEMI e NSTEMI MOCARD INFRC ;;;;
I23; cierto Cent COMP para Stemi y Nstemi Mocard infrc <= 28 días ;;;;,I23; certo centavo para o STEMI e NSTEMI MOCARD Infrc <= 28 dias ;;;;
I24; otras enfermedades cardíacas isquémicas agudas ;;;;,I24; outras doenças cardíacas isquêmicas agudas ;;;;
I25; enfermedad cardíaca isquémica crónica ;;;;,I25; doença cardíaca isquêmica crônica ;;;;;
I26; embolia pulmonar ;;;;,I26; embolia pulmonar ;;;;
I27; otras enfermedades del corazón pulmonar ;;;;,I27; outras doenças cardíacas pulmonares ;;;;;
I28; otras enfermedades de los vasos pulmonares ;;;;,I28; outras doenças dos vasos pulmonares ;;;;
I30; pericarditis aguda ;;;;,I30; pericardite aguda ;;;;
I31; otras enfermedades de pericardium ;;;;,I31; outras doenças do pericárdio ;;;;
I32; pericarditis en enfermedades clasificadas en otra parte ;;;;,I32; pericardite em doenças classificadas em outros lugares ;;;;
I33; endocarditis aguda y subaguda ;;;;;,I33; endocardite aguda e subaguda ;;;;;
I34; trastornos de la válvula mitral no rreumática ;;;;;,I34; distúrbios da válvula mitral não -reumática ;;;;;
I35; trastornos de la válvula aórtica no rreumática ;;;;;,I35; distúrbios da válvula aórtica não -reumática ;;;;;
I36; trastornos de la válvula tricúspide no rreumática ;;;;;,I36; distúrbios da válvula tricúspide não -reumática ;;;;;
I37; trastornos de la válvula pulmonar no rreumática ;;;;;,I37; distúrbios válvulas pulmonares não -reumáticas ;;;;;
I38; endocarditis,I38; endocardite
I39; endocarditis y trastorno de la válvula cardíaca en dis classd elswhr ;;;;,I39; endocardite e transtorno da válvula cardíaca em DIS Classd elswhr ;;;;
I40; miocarditis aguda ;;;;,I40; miocardite aguda ;;;;
I41; miocarditis en enfermedades clasificadas en otra parte ;;;;,I41; miocardite em doenças classificadas em outros lugares ;;;;
I42; cardiomiopatía ;;;;,I42; cardiomiopatia ;;;;
I43; miocardiopatía en enfermedades clasificadas en otros lugares ;;;;,I43; cardiomiopatia em doenças classificadas em outros lugares ;;;;
I44; bloque de rama de paquete atioventricular y izquierdo ;;;;;,I44; Bloco Atrioventricular e Left Burchy do ramo ;;;;;
I45; otros trastornos de conducción ;;;;,I45; outros transtornos de condução ;;;;
I46; paro cardíaco ;;;;,I46; parada cardíaca ;;;;
I47; taquicardia paroxística ;;;;,I47; taquicardia paroxística ;;;;;
I48; fibrilación auricular y aleteo ;;;;,I48; fibrilação atrial e vibração ;;;;;
I49; otras arritmias cardíacas ;;;;,I49; outras arritmias cardíacas ;;;;;
I50; insuficiencia cardíaca ;;;;,I50; insuficiência cardíaca ;;;;
I51; complicaciones y descripciones mal definidas de la enfermedad cardíaca ;;;;,I51; complicações e descrições mal definidas de doenças cardíacas ;;;;
I52; Otros trastornos cardíacos en enfermedades clasificadas en otra parte ;;;;,I52; outros distúrbios cardíacos em doenças classificadas em outros lugares ;;;;
I5a; lesión miocárdica no isquémica (no traumática) ;;;;,I5A; lesão miocárdica não isquêmica (não traumática) ;;;;
I60; hemorragia subaracnoidea no traumática ;;;;;,I60; hemorragia subaracnóidea não traumática ;;;;;
I61; hemorragia intracerebral no traumática ;;;;;,I61; hemorragia intracerebral não traumática ;;;;;
I62; otra y hemorragia intracraneal no traumática no especificada ;;;;;,I62; outra e não especificada hemorragia intracraniana não -traumática ;;;;;
I63; infarto cerebral ;;;;,I63; infarto cerebral ;;;;;
I65; OCCLS y estenosis del arte de precerb,I65; ocls e estenose da arte de precesso
I66; ocls y estenosis del arte cerebral,I66; ocls e estenose da arte cereb
I67; otras enfermedades cerebrovasculares ;;;;,I67; outras doenças cerebrovasculares ;;;;;
I68; trastornos cerebrovasculares en enfermedades clasificadas en otra parte ;;;;,I68; distúrbios cerebrovasculares em doenças classificadas em outros lugares ;;;;
I69; secuelas de enfermedad cerebrovascular ;;;;,I69; sequelas de doença cerebrovascular ;;;;;
I70; aterosclerosis ;;;;,I70; aterosclerose ;;;;
I71; aneurisma aórtico y disección ;;;;,I71; aneurisma e dissecção aórtica ;;;;;
I72; otro aneurysm ;;;;,I72; outro aneurisma ;;;;
I73; otras enfermedades vasculares periféricas ;;;;,I73; outras doenças vasculares periféricas ;;;;;
I74; embolia arterial y trombosis ;;;;,I74; embolia e trombose arterial ;;;;;
I75; ateroembolismo ;;;;,I75; atheroembolismo ;;;;
I76; embolia arterial séptica ;;;;,I76; embolia arterial séptica ;;;;;
I77; otros trastornos de arterias y arteriolas ;;;;;,I77; outras distúrbios das artérias e arteríolas ;;;;;
I78; enfermedades de capilares ;;;;,I78; doenças dos capilares ;;;;
I79; Disord de arte,I79; distúrbio da arte
I80; flebitis y tromboflebitis ;;;;,180; flebitis e trombophlebitis ;;;;
I81; trombosis venosa portal ;;;;,I81; trombose da veia portal ;;;;;
I82; Otra embolia y trombosis venosa ;;;;,182; outra embolia venosa e trombose ;;;;;
I83; venas varicosas de las extremidades inferiores ;;;;,I83; varizes de veias de extremidades inferiores ;;;;
I85; esófago Varices ;;;;,I85; varizes de esôfago ;;;;;
I86; venas varicosas de otros sitios ;;;;,I86; varizes de outros sites ;;;;;
I87; otros trastornos de venas ;;;;,187; outros distúrbios das veias ;;;;
I88; linfadenitis inespecífica ;;;;,188; linfadenite inespecífica ;;;;;
I89; Oth no infeccioso trastornos de vasos y ganglios linfáticos ;;;;,I89; outros distúrbios não infecciosos de vasos e nós linfáticos ;;;;
I95; hipotensión ;;;;,I95; hipotensão ;;;;
I96; gangrene,I96; Gangrene
I97; intraop y postproc y trastornos de Circ sys,I97; Intraop e Postproc Comp e Distúrbios do Circ Sys
I99; otros trastornos y no especificados del sistema circulatorio ;;;;;,I99; outros distúrbios e não especificados do sistema circulatório ;;;;;
J00; nasofaringitis aguda [frío común] ;;;;,J00; nasofaringite aguda [frio comum] ;;;;;
J01; sinusitis aguda ;;;;,J01; sinusite aguda ;;;;
J02; faringitis aguda ;;;;,J02; faringite aguda ;;;;;
J03; amigdalitis aguda ;;;;,J03; amigdalite aguda ;;;;;
J04; laringitis aguda y traqueitis ;;;;,J04; laringite e traqueíte aguda ;;;;;
J05; laringitis obstructiva aguda [crup] y epiglotitis ;;;;;,J05; laringite obstrutiva aguda [Grupo] e epiglotite ;;;;
J06; infecciones agudas de REP superior de sitios múltiples y no PSP ;;;;;,J06; infecções agudas de resp superior de sites múltiplos e unsp ;;;;;
J09; influenza debido a ciertos virus de influenza identificados ;;;;,J09; influenza devido a certos vírus influenza identificados ;;;;
J10; influenza debido a otro virus de la influenza identificado ;;;;;,J10; influenza devido a outro vírus da influenza identificado ;;;;;
J11; influenza debido al virus de la influenza no identificado ;;;;;,J11; influenza devido ao vírus influenza não identificado ;;;;;
J12; neumonía viral,J12; pneumonia viral
J13; neumonía debido a Streptococcus pneumoniae ;;;;,J13; pneumonia devido a Streptococcus pneumoniae ;;;;
J14; neumonía debido a Hemophilus influenzae ;;;;;,J14; pneumonia devido a Hemophilus influenzae ;;;;
J15; neumonía bacteriana,J15; pneumonia bacteriana
J16; neumonía debido a otros organismos infecciosos,J16; pneumonia devido a outros organismos infecciosos
J17; neumonía en enfermedades clasificadas en otra parte ;;;;,J17; pneumonia em doenças classificadas em outros lugares ;;;;
J18; neumonía,J18; pneumonia
J20; bronquitis aguda ;;;;,J20; bronquite aguda ;;;;
J21; bronquiolitis aguda ;;;;,J21; bronquiolite aguda ;;;;;
J22; infección respiratoria aguda inferior aguda no especificada ;;;;,J22; infecção respiratória aguda não especificada;
J30; rinitis vasomotora y alérgica ;;;;,J30; vasomotor e rinite alérgica ;;;;;
J31; rinitis crónica,J31; rinite crônica
J32; sinusitis crónica ;;;;,J32; sinusite crônica ;;;;
J33; pólipo nasal ;;;;,J33; pólipo nasal ;;;;
J34; Otros trastornos y no especificados de la nariz y los senos nasales ;;;;,J34; outros distúrbios e não especificados do nariz e seios nasais ;;;;
J35; enfermedades crónicas de amígdalas y adenoides ;;;;;,J35; doenças crônicas de amígdalas e adenóides ;;;;
J36; absceso peritonsillar ;;;;,J36; abscesso peritonsilar ;;;;;
J37; laringitis crónica y laringotraqueitis ;;;;;,J37; laringite crônica e laringotracheite ;;;;;
J38; Enfermedades de cuerdas vocales y laringe,J38; doenças de cordas vocais e laringe
J39; Otras enfermedades del tracto respiratorio superior ;;;;;,J39; outras doenças do trato respiratório superior ;;;;
J40; bronquitis,J40; bronquite
J41; bronquitis crónica simple y mucopurulenta ;;;;;,J41; bronquite crônica simples e mucopurulenta ;;;;;
J42; bronquitis crónica no especificada ;;;;;,J42; bronquite crônica não especificada ;;;;;
J43; enfisema ;;;;,J43; enfisema ;;;;
J44; Otra enfermedad pulmonar obstructiva crónica ;;;;,J44; outra doença pulmonar obstrutiva crônica ;;;;;
J45; asma ;;;;,J45; asma ;;;;
J47; Bronchiectasis ;;;;,J47; bronquiectasis ;;;;
J60; neumoconiosis del trabajador del carbón ;;;;;,J60; pneumoconiose do trabalhador de carvão ;;;;;
J61; neumoconiosis debido al asbesto y otras fibras minerales ;;;;,J61; pneumoconiose devido ao amianto e outras fibras minerais ;;;;
J62; neumoconiosis debido a polvo que contiene sílice ;;;;,J62; pneumoconiose devido a poeira contendo sílica ;;;;
J63; neumoconiosis debido a otros polvos inorgánicos ;;;;,J63; pneumoconiose devido a outros pó inorgânicos ;;;;
J64; neumoconiosis no especificada ;;;;;,J64; pneumoconiose não especificada ;;;;;
J65; neumoconiosis asociada con tuberculosis ;;;;;,J65; pneumoconiose associada à tuberculose ;;;;;
J66; enfermedad de la vía aérea debido a polvo orgánico específico ;;;;,J66; doença das vias aéreas devido a poeira orgânica específica ;;;;
J67; neumonitis de hipersensibilidad debido al polvo orgánico ;;;;,J67; pneumonite de hipersensibilidade devido a poeira orgânica ;;;;
J68; respd d/t inhalación de productos químicos,J68; resp cond d/t inalação de produtos químicos
J69; neumonitis debido a sólidos y líquidos ;;;;,J69; pneumonite devido a sólidos e líquidos ;;;;
J70; condiciones respiratorias debido a otros agentes externos ;;;;,J70; condições respiratórias devido a outros agentes externos ;;;;
J80; síndrome de dificultad respiratoria aguda ;;;;,J80; síndrome do desconforto respiratório agudo ;;;;;
J81; edema pulmonar ;;;;,J81; edema pulmonar ;;;;
J82; eosinofilia pulmonar,J82; eosinofilia pulmonar
J84; otras enfermedades pulmonares intersticiales ;;;;,J84; outras doenças pulmonares intersticiais ;;;;;
J85; Absceso de pulmón y mediastinum ;;;;,J85; abscesso de pulmão e mediastino ;;;;
J86; pyothorax ;;;;,J86; Pyothorax ;;;;
J90; derrame pleural,J90; derrame pleural
J91; derrame pleural en condiciones clasificadas en otra parte ;;;;,J91; derrame pleural em condições classificadas em outros lugares ;;;;
J92; placa pleural ;;;;,J92; placa pleural ;;;;;
J93; neumotórax y fuga de aire ;;;;,J93; pneumotórax e vazamento de ar ;;;;
J94; otras condiciones pleurales ;;;;,J94; outras condições pleurais ;;;;
J95; Intrap y PostProc y trastornos de Res SYS,J95; Intraop e Postproc Comp e Distúrbios de Resp Sys
J96; insuficiencia respiratoria,J96; insuficiência respiratória
J98; otros trastornos respiratorios ;;;;,J98; outros distúrbios respiratórios ;;;;;
J99; trastornos respiratorios en enfermedades clasificadas en otra parte ;;;;,J99; distúrbios respiratórios em doenças classificadas em outros lugares ;;;;
K00; trastornos del desarrollo de dientes y erupción ;;;;,K00; Distúrbios do Desenvolvimento e Erupção dos dentes ;;;;;
K01; dientes incrustados e impactados ;;;;,K01; dentes embutidos e impactados ;;;;;
K02; caries dental ;;;;,K02; cárie dentária ;;;;
K03; Otras enfermedades de los tejidos duros de los dientes ;;;;,K03; outras doenças de tecidos duros dos dentes ;;;;
K04; enfermedades de pulpa y tejidos periapicales ;;;;;,K04; doenças dos tecidos celulose e periapicais ;;;;;
K05; gingivitis y enfermedades periodontales ;;;;,K05; gengivite e doenças periodontais ;;;;;
K06; Otros trastornos de Gingiva y Edéntula Alveolar Ridge ;;;;,K06; outros distúrbios da gengiva e da crista alveolar edentulosa ;;;;
K08; Otros trastornos de dientes y estructuras de soporte ;;;;,K08; outros distúrbios de dentes e estruturas de apoio ;;;;;
K09; quistes de la región oral,K09; cistos da região oral
K11; enfermedades de glándulas salivales ;;;;,K11; doenças das glândulas salivares ;;;;;
K12; estomatitis y lesiones relacionadas ;;;;,K12; estomatite e lesões relacionadas ;;;;;
K13; Otras enfermedades de Lip and Oral Mucosa ;;;;,K13; outras doenças da mucosa labial e oral ;;;;;
K14; enfermedades de la lengua ;;;;,K14; doenças da língua ;;;;
K20; esofagitis ;;;;,K20; esofagite ;;;;
K21; enfermedad de reflujo gastroesofágico ;;;;,K21; doença do refluxo gastro-esofágico ;;;;;
K22; otras enfermedades del esófago ;;;;,K22; outras doenças do esôfago ;;;;;
K23; trastornos del esófago en enfermedades clasificadas en otra parte ;;;;,K23; distúrbios do esôfago em doenças classificadas em outros lugares ;;;;
K25; úlcera gástrica ;;;;,K25; úlcera gástrica ;;;;
K26; úlcera duodenal ;;;;,K26; úlcera duodenal ;;;;;
K27; úlcera péptica,K27; úlcera péptica
K28; úlcera gastrojejunal ;;;;,K28; úlcera gastrojejunal ;;;;;
K29; gastritis y duodenitis ;;;;,K29; gastrite e duodenite ;;;;;
K30; dispepsia funcional ;;;;,K30; dispepsia funcional ;;;;;
K31; Otras enfermedades del estómago y el duodeno ;;;;,K31; outras doenças do estômago e duodeno ;;;;
K35; apendicitis aguda ;;;;,K35; apendicite aguda ;;;;
K36; otra apendicitis ;;;;,K36; outra apendicite ;;;;
K37; apendicitis no especificada ;;;;,K37; apendicite não especificada ;;;;;
K38; Otras enfermedades del apéndice ;;;;,K38; outras doenças do Apêndice ;;;;
K40; hernia inguinal ;;;;,K40; hérnia inguinal ;;;;;
K41; hernia femoral ;;;;,K41; hérnia femoral ;;;;
K42; hernia umbilical ;;;;,K42; hérnia umbilical ;;;;;
K43; hernia ventral ;;;;,K43; hérnia ventral ;;;;
K44; hernia diafragmática ;;;;,K44; hérnia diafragmática ;;;;;
K45; Otra hernia abdominal ;;;;,K45; outra hérnia abdominal ;;;;;
K46; hernia abdominal no especificada ;;;;,K46; hérnia abdominal não especificada ;;;;;
K50; enfermedad de Crohn [enteritis regional] ;;;;,K50; doença de Crohn [enterite regional] ;;;;
K51; colitis ulcerosa ;;;;,K51; colite ulcerosa ;;;;
K52; OTRO y Gastroenteritis y Colitis no infectores no inferiores;,K52; outra e não infectiva gastroenterite e colite não infectiva ;;;;;
K55; trastornos vasculares del intestino ;;;;,K55; distúrbios vasculares do intestino ;;;;
K56; Ileus paralítico y obstrucción intestinal sin hernia ;;;;,K56; íleo paralítico e obstrução intestinal sem hérnia ;;;;
K57; enfermedad diverticular del intestino ;;;;,K57; doença diverticular do intestino ;;;;;
K58; síndrome del intestino irritable ;;;;,K58; síndrome do intestino irritável ;;;;;
K59; otros trastornos intestinales funcionales ;;;;,K59; outros distúrbios intestinais funcionais ;;;;;
K60; fisura y fístula de regiones anal y rectales ;;;;;,K60; fissura e fístula de regiões anal e retais ;;;;;
K61; absceso de regiones anal y rectal ;;;;;,K61; abscesso de regiões anal e retais ;;;;;
K62; Otras enfermedades de ano y recto ;;;;;,K62; outras doenças do ânus e reto ;;;;
K63; Otras enfermedades del intestino ;;;;,K63; outras doenças do intestino ;;;;;
K64; hemorroides y trombosis venosa perianal ;;;;;,K64; hemorróidas e trombose venosa perianal ;;;;;
K65; peritonitis ;;;;,K65; peritonite ;;;;
K66; Otros trastornos del peritoneo ;;;;,K66; outros distúrbios do peritônio ;;;;;
K67; Trastornos del peritoneo en enfermedades infecciosas classd elswhr ;;;;,K67; distúrbios do peritônio em doenças infecciosas Classd elswhr ;;;;
K68; trastornos de retroperitoneo ;;;;,K68; distúrbios do retroperitônio ;;;;;
K70; enfermedad hepática alcohólica ;;;;,K70; doença hepática alcoólica ;;;;;
K71; enfermedad hepática tóxica ;;;;,K71; doença hepática tóxica ;;;;;
K72; falla hepática,K72; falha hepática
K73; hepatitis crónica,K73; hepatite crônica
K74; fibrosis y cirrosis del hígado ;;;;,K74; fibrose e cirrose do fígado ;;;;
K75; otras enfermedades hepáticas inflamatorias ;;;;,K75; outras doenças hepáticas inflamatórias ;;;;;
K76; Otras enfermedades del hígado ;;;;,K76; outras doenças do fígado ;;;;
K77; trastornos hepáticos en enfermedades clasificadas en otra parte ;;;;,K77; distúrbios hepáticos em doenças classificadas em outros lugares ;;;;
K80; colelitiasis ;;;;,K80; colelitíase ;;;;
K81; colecistitis ;;;;,K81; colecistite ;;;;
K82; Otras enfermedades de la vesícula biliar ;;;;,K82; outras doenças da vesícula biliar ;;;;;
K83; Otras enfermedades del tracto biliar ;;;;;,K83; outras doenças do trato biliar ;;;;;
K85; pancreatitis aguda ;;;;,K85; pancreatite aguda ;;;;;
K86; Otras enfermedades del páncreas ;;;;,K86; outras doenças do pâncreas ;;;;;
K87; Disords de GB,K87; Distúrbio de GB
K90; malabsorción intestinal ;;;;,K90; má absorção intestinal ;;;;;
K91; intraop y postproc y trastornos de DGSTV SYS,K91; Intraop e Postproc Comp e distúrbios do DGSTV SYS
K92; Otras enfermedades del sistema digestivo ;;;;,K92; outras doenças do sistema digestivo ;;;;;
K94; Complicaciones de las aperturas artificiales del sistema digestivo ;;;;;,K94; complicações das aberturas artificiais do sistema digestivo ;;;;
K95; complicaciones de los procedimientos bariátricos ;;;;,K95; complicações de procedimentos bariátricos ;;;;;
L00; síndrome de la piel escaldada estafilocócica ;;;;,L00; síndrome da pele escaldada estafilocócica ;;;;;
L01; impetigo ;;;;,L01; Impetigo ;;;;
L02; absceso cutáneo,L02; abscesso cutâneo
L03; celulitis y linfangitis aguda ;;;;,L03; celulite e linfangite aguda ;;;;;
L04; linfadenitis aguda ;;;;,L04; linfadenite aguda ;;;;;
L05; quiste y seno pilonidal ;;;;,L05; cisto pilonidal e seio ;;;;;
L08; Otras infecciones locales de piel y tejido subcutáneo ;;;;;,L08; outras infecções locais de pele e tecido subcutâneo ;;;;;
L10; pmphigus ;;;;,L10; PEMPHIGUS ;;;;
L11; otros trastornos acantolíticos ;;;;,L11; outros distúrbios acantolíticos ;;;;;
L12; pénfigoide ;;;;,L12; Penfigóide ;;;;
L13; otros trastornos bultos ;;;;,L13; outros distúrbios bolhosos ;;;;
L14; trastornos ampollosos en enfermedades clasificadas en otra parte ;;;;,L14; distúrbios bolhosos em doenças classificadas em outros lugares ;;;;
L20; dermatitis atópica ;;;;,L20; dermatite atópica ;;;;;
L21; dermatitis seborreica ;;;;,L21; dermatite seborréica ;;;;;
L22; dermatitis del pañal ;;;;,L22; dermatite fralda ;;;;;
L23; dermatitis de contacto alérgico ;;;;,L23; dermatite alérgica de contato ;;;;;
L24; dermatitis de contacto irritante ;;;;,L24; dermatite de contato irritante ;;;;;
L25; dermatitis de contacto no especificada ;;;;,L25; dermatite de contato não especificada ;;;;;
